date,ticker,price,decision,reason,sentiment,rsi,confidence
2025-12-19,ADA-USDT,0.3767,sell,"SELL: score=-0.0 (sent=-0.45, rsi=39, bb=0.21, llm=hold)",-0.450,38.55,0.600
2025-12-19,BNB-USDT,856.17,sell,"SELL: score=-1.0 (sent=-0.40, rsi=44, bb=0.27, llm=hold)",-0.400,43.53,0.500
2025-12-19,BTC-USDT,88136.94,sell,"SELL: score=-1.9 (sent=-0.35, rsi=45, bb=0.34, llm=hold)",-0.350,44.70,0.550
2025-12-19,DOGE-USDT,0.13222,sell,"SELL: score=-0.6 (sent=-0.35, rsi=43, bb=0.29, llm=hold)",-0.350,42.70,0.600
2025-12-19,DOT-USDT,1.849,sell,"SELL: score=-2.4 (sent=-0.65, rsi=33, bb=0.17, llm=hold)",-0.650,32.92,0.600
2025-12-19,ETH-USDT,2979.5,sell,"SELL: score=-2.8 (sent=-0.35, rsi=47, bb=0.37, llm=hold)",-0.350,46.61,0.550
2025-12-19,LTC-USDT,77.49,sell,"SELL: score=-0.6 (sent=-0.45, rsi=39, bb=0.23, llm=hold)",-0.450,38.93,0.550
2025-12-19,SOL-USDT,126.27,sell,"SELL: score=-0.3 (sent=-0.40, rsi=44, bb=0.25, llm=hold)",-0.400,43.89,0.600
2025-12-19,XRP-USDT,1.9092,sell,"SELL: score=-0.5 (sent=-0.45, rsi=41, bb=0.22, llm=hold)",-0.450,40.95,0.600
2025-12-20,ADA-USDT,0.373,sell,"SELL: score=-3.5 (sent=-0.65, rsi=38, bb=0.21, llm=hold)",-0.650,37.84,0.600
2025-12-20,BNB-USDT,854.17,sell,"SELL: score=-1.8 (sent=-0.45, rsi=43, bb=0.27, llm=hold)",-0.450,43.15,0.700
2025-12-20,BTC-USDT,88360.9,sell,"SELL: score=-1.9 (sent=-0.30, rsi=45, bb=0.37, llm=hold)",-0.300,45.31,0.600
2025-12-20,DOGE-USDT,0.13194,sell,"SELL: score=-1.8 (sent=-0.40, rsi=43, bb=0.31, llm=hold)",-0.400,42.51,0.600
2025-12-20,DOT-USDT,1.832,sell,"SELL: score=-2.7 (sent=-0.65, rsi=32, bb=0.18, llm=hold)",-0.650,32.36,0.600
2025-12-20,ETH-USDT,2977.93,sell,"SELL: score=-1.9 (sent=-0.30, rsi=47, bb=0.37, llm=hold)",-0.300,46.53,0.500
2025-12-20,LTC-USDT,77.84,sell,"SELL: score=-1.0 (sent=-0.40, rsi=40, bb=0.28, llm=hold)",-0.400,39.68,0.600
2025-12-20,SOL-USDT,125.81,sell,"SELL: score=-1.3 (sent=-0.45, rsi=43, bb=0.25, llm=hold)",-0.450,43.47,0.600
2025-12-20,XRP-USDT,1.9335,sell,"SELL: score=-1.8 (sent=-0.40, rsi=43, bb=0.30, llm=hold)",-0.400,42.92,0.600
2025-12-21,ADA-USDT,0.3662,sell,"SELL: score=-2.6 (sent=-0.65, rsi=37, bb=0.17, llm=hold)",-0.650,36.50,0.600
2025-12-21,BNB-USDT,858.64,sell,"SELL: score=-1.1 (sent=-0.40, rsi=44, bb=0.28, llm=hold)",-0.400,44.32,0.500
2025-12-21,BTC-USDT,88658.86,sell,"SELL: score=-2.3 (sent=-0.30, rsi=46, bb=0.39, llm=hold)",-0.300,46.16,0.600
2025-12-21,DOGE-USDT,0.13112,sell,"SELL: score=-2.2 (sent=-0.45, rsi=42, bb=0.29, llm=hold)",-0.450,41.91,0.600
2025-12-21,DOT-USDT,1.802,sell,"SELL: score=-2.4 (sent=-0.65, rsi=31, bb=0.18, llm=hold)",-0.650,31.35,0.600
2025-12-21,ETH-USDT,3002.02,sell,"SELL: score=-3.3 (sent=-0.35, rsi=48, bb=0.39, llm=hold)",-0.350,47.85,0.600
2025-12-21,LTC-USDT,76.79,sell,"SELL: score=-2.6 (sent=-0.60, rsi=38, bb=0.21, llm=hold)",-0.600,38.15,0.500
2025-12-21,SOL-USDT,126.03,sell,"SELL: score=0.2 (sent=-0.35, rsi=44, bb=0.26, llm=hold)",-0.350,43.75,0.600
2025-12-21,XRP-USDT,1.9223,sell,"SELL: score=-2.3 (sent=-0.45, rsi=42, bb=0.29, llm=hold)",-0.450,42.22,0.600
2025-12-22,ADA-USDT,0.3711,sell,"SELL: score=-0.7 (sent=-0.45, rsi=38, bb=0.24, llm=hold)",-0.450,38.19,0.600
2025-12-22,BNB-USDT,858.66,sell,"SELL: score=-0.6 (sent=-0.35, rsi=44, bb=0.29, llm=hold)",-0.350,44.33,0.550
2025-12-22,BTC-USDT,88620.79,sell,"SELL: score=-3.4 (sent=-0.35, rsi=46, bb=0.40, llm=hold)",-0.350,46.06,0.600
2025-12-22,DOGE-USDT,0.13258,sell,"SELL: score=-1.3 (sent=-0.30, rsi=43, bb=0.35, llm=hold)",-0.300,43.44,0.600
2025-12-22,DOT-USDT,1.784,sell,"SELL: score=-2.6 (sent=-0.65, rsi=31, bb=0.18, llm=hold)",-0.650,30.73,0.600
2025-12-22,ETH-USDT,3009.49,sell,"SELL: score=-2.7 (sent=-0.30, rsi=48, bb=0.40, llm=hold)",-0.300,48.28,0.600
2025-12-22,LTC-USDT,77.05,sell,"SELL: score=-0.2 (sent=-0.40, rsi=39, bb=0.25, llm=hold)",-0.400,38.78,0.600
2025-12-22,SOL-USDT,125.93,sell,"SELL: score=-1.2 (sent=-0.40, rsi=44, bb=0.28, llm=hold)",-0.400,43.64,0.600
2025-12-22,XRP-USDT,1.9043,sell,"SELL: score=-0.8 (sent=-0.40, rsi=41, bb=0.27, llm=hold)",-0.400,41.06,0.600
2025-12-23,ADA-USDT,0.3628,sell,"SELL: score=-3.4 (sent=-0.65, rsi=36, bb=0.21, llm=hold)",-0.650,36.43,0.550
2025-12-23,BNB-USDT,844.3,sell,"SELL: score=1.2 (sent=-0.45, rsi=41, bb=0.16, llm=hold)",-0.450,41.16,0.550
2025-12-23,BTC-USDT,87486.0,sell,"SELL: score=-1.4 (sent=-0.40, rsi=43, bb=0.29, llm=hold)",-0.400,43.11,0.600
2025-12-23,DOGE-USDT,0.12928,sell,"SELL: score=-0.5 (sent=-0.40, rsi=41, bb=0.26, llm=hold)",-0.400,40.81,0.600
2025-12-23,DOT-USDT,1.765,sell,"SELL: score=-2.4 (sent=-0.65, rsi=30, bb=0.18, llm=hold)",-0.650,30.06,0.600
2025-12-23,ETH-USDT,2965.02,sell,"SELL: score=-2.7 (sent=-0.40, rsi=46, bb=0.34, llm=hold)",-0.400,45.88,0.500
2025-12-23,LTC-USDT,77.01,sell,"SELL: score=1.1 (sent=-0.30, rsi=39, bb=0.27, llm=hold)",-0.300,38.72,0.500
2025-12-23,SOL-USDT,124.01,sell,"SELL: score=0.8 (sent=-0.40, rsi=42, bb=0.21, llm=hold)",-0.400,41.58,0.650
2025-12-23,XRP-USDT,1.8734,sell,"SELL: score=-3.3 (sent=-0.65, rsi=39, bb=0.20, llm=hold)",-0.650,39.08,0.600
2025-12-24,ADA-USDT,0.3566,sell,"SELL: score=-3.0 (sent=-0.65, rsi=35, bb=0.19, llm=hold)",-0.650,35.12,0.600
2025-12-24,BNB-USDT,846.58,sell,"SELL: score=-0.3 (sent=-0.45, rsi=42, bb=0.21, llm=hold)",-0.450,41.87,0.600
2025-12-24,BTC-USDT,87669.45,sell,"SELL: score=-3.4 (sent=-0.45, rsi=44, bb=0.33, llm=hold)",-0.450,43.74,0.600
2025-12-24,DOGE-USDT,0.12856,sell,"SELL: score=1.4 (sent=-0.30, rsi=40, bb=0.25, llm=hold)",-0.300,40.24,0.600
2025-12-24,DOT-USDT,1.738,sell,"SELL: score=-3.9 (sent=-0.75, rsi=29, bb=0.17, llm=hold)",-0.750,29.08,0.650
2025-12-24,ETH-USDT,2947.47,sell,"SELL: score=-2.3 (sent=-0.40, rsi=45, bb=0.32, llm=hold)",-0.400,44.93,0.600
2025-12-24,LTC-USDT,75.79,sell,"SELL: score=1.1 (sent=-0.40, rsi=37, bb=0.21, llm=hold)",-0.400,36.69,0.600
2025-12-24,SOL-USDT,122.53,sell,"SELL: score=1.1 (sent=-0.45, rsi=40, bb=0.17, llm=hold)",-0.450,40.01,0.650
2025-12-24,XRP-USDT,1.8628,sell,"SELL: score=-3.3 (sent=-0.65, rsi=38, bb=0.20, llm=hold)",-0.650,38.39,0.600
2025-12-25,ADA-USDT,0.3434,sell,"SELL: score=-1.5 (sent=-0.65, rsi=32, bb=0.14, llm=hold)",-0.650,32.45,0.600
2025-12-25,BNB-USDT,829.64,sell,"SELL: score=0.7 (sent=-0.60, rsi=38, bb=0.08, llm=hold)",-0.600,38.18,0.600
2025-12-25,BTC-USDT,87225.27,sell,"SELL: score=-2.4 (sent=-0.45, rsi=43, bb=0.29, llm=hold)",-0.450,42.52,0.600
2025-12-25,DOGE-USDT,0.12365,sell,"SELL: score=-1.1 (sent=-0.65, rsi=36, bb=0.12, llm=hold)",-0.650,36.49,0.600
2025-12-25,DOT-USDT,1.685,sell,"SELL: score=-2.9 (sent=-0.75, rsi=27, bb=0.13, llm=hold)",-0.750,27.21,0.600
2025-12-25,ETH-USDT,2903.95,sell,"SELL: score=-4.1 (sent=-0.60, rsi=43, bb=0.26, llm=hold)",-0.600,42.57,0.500
2025-12-25,LTC-USDT,75.71,sell,"SELL: score=-0.3 (sent=-0.45, rsi=37, bb=0.23, llm=hold)",-0.450,36.55,0.400
2025-12-25,SOL-USDT,120.06,sell,"SELL: score=0.2 (sent=-0.60, rsi=37, bb=0.10, llm=hold)",-0.600,37.46,0.600
2025-12-25,XRP-USDT,1.8326,sell,"SELL: score=-2.0 (sent=-0.65, rsi=36, bb=0.15, llm=hold)",-0.650,36.44,0.600
2025-12-26,ADA-USDT,0.3496,sell,"SELL: score=-2.6 (sent=-0.60, rsi=35, bb=0.21, llm=hold)",-0.600,34.95,0.650
2025-12-26,BNB-USDT,834.72,sell,"SELL: score=0.9 (sent=-0.45, rsi=40, bb=0.17, llm=hold)",-0.450,39.89,0.650
2025-12-26,BTC-USDT,87369.56,sell,"SELL: score=-3.2 (sent=-0.45, rsi=43, bb=0.32, llm=hold)",-0.450,43.07,0.600
2025-12-26,DOGE-USDT,0.12211,sell,"SELL: score=-0.1 (sent=-0.60, rsi=35, bb=0.11, llm=hold)",-0.600,35.37,0.600
2025-12-26,DOT-USDT,1.723,sell,"SELL: score=1.0 (sent=-0.40, rsi=31, bb=0.22, llm=hold)",-0.400,30.65,0.600
2025-12-26,ETH-USDT,2927.99,sell,"SELL: score=-2.1 (sent=-0.40, rsi=44, bb=0.31, llm=hold)",-0.400,44.31,0.600
2025-12-26,LTC-USDT,76.87,sell,"SELL: score=-0.5 (sent=-0.30, rsi=40, bb=0.33, llm=hold)",-0.300,40.01,0.600
2025-12-26,SOL-USDT,122.26,sell,"SELL: score=-0.7 (sent=-0.45, rsi=41, bb=0.23, llm=hold)",-0.450,41.06,0.550
2025-12-26,XRP-USDT,1.8437,sell,"SELL: score=-2.8 (sent=-0.60, rsi=38, bb=0.21, llm=hold)",-0.600,37.69,0.600
2025-12-27,ADA-USDT,0.37,sell,"SELL: score=-3.5 (sent=-0.40, rsi=42, bb=0.37, llm=hold)",-0.400,42.49,0.500
2025-12-27,BNB-USDT,845.04,sell,"SELL: score=-1.8 (sent=-0.40, rsi=43, bb=0.30, llm=hold)",-0.400,43.32,0.500
2025-12-27,BTC-USDT,87877.01,sell,"SELL: score=-4.3 (sent=-0.40, rsi=45, bb=0.40, llm=hold)",-0.400,45.09,0.500
2025-12-27,DOGE-USDT,0.12435,sell,"SELL: score=-3.0 (sent=-0.60, rsi=38, bb=0.22, llm=hold)",-0.600,38.32,0.600
2025-12-27,DOT-USDT,1.91,sell,"SELL: score=-3.4 (sent=-0.20, rsi=45, bb=0.50, llm=hold)",-0.200,44.56,0.500
2025-12-27,ETH-USDT,2949.05,sell,"SELL: score=-2.5 (sent=-0.35, rsi=46, bb=0.36, llm=hold)",-0.350,45.85,0.600
2025-12-27,LTC-USDT,80.33,sell,"SELL: score=0.2 (sent=0.15, rsi=49, bb=0.60, llm=hold)",0.150,48.94,0.550
2025-12-27,SOL-USDT,124.73,sell,"SELL: score=-2.4 (sent=-0.35, rsi=45, bb=0.36, llm=hold)",-0.350,44.89,0.550
2025-12-27,XRP-USDT,1.8735,sell,"SELL: score=-2.1 (sent=-0.40, rsi=41, bb=0.32, llm=hold)",-0.400,41.07,0.600
2025-12-28,ADA-USDT,0.3688,sell,"SELL: score=-1.1 (sent=-0.25, rsi=42, bb=0.38, llm=hold)",-0.250,42.18,0.500
2025-12-28,BNB-USDT,859.32,sell,"SELL: score=-4.7 (sent=-0.30, rsi=48, bb=0.48, llm=hold)",-0.300,47.76,0.600
2025-12-28,BTC-USDT,87952.71,sell,"SELL: score=-3.2 (sent=-0.30, rsi=45, bb=0.42, llm=hold)",-0.300,45.40,0.600
2025-12-28,DOGE-USDT,0.12393,sell,"SELL: score=-4.2 (sent=-0.65, rsi=38, bb=0.23, llm=hold)",-0.650,37.97,0.600
2025-12-28,DOT-USDT,1.851,sell,"SELL: score=-3.3 (sent=-0.30, rsi=42, bb=0.43, llm=hold)",-0.300,41.72,0.500
2025-12-28,ETH-USDT,2950.91,sell,"SELL: score=-2.1 (sent=-0.30, rsi=46, bb=0.38, llm=hold)",-0.300,46.00,0.600
2025-12-28,LTC-USDT,78.73,sell,"SELL: score=-3.2 (sent=-0.20, rsi=46, bb=0.49, llm=hold)",-0.200,45.56,0.500
2025-12-28,SOL-USDT,125.27,sell,"SELL: score=-2.6 (sent=-0.30, rsi=46, bb=0.40, llm=hold)",-0.300,45.72,0.600
2025-12-28,XRP-USDT,1.8654,sell,"SELL: score=-0.1 (sent=-0.30, rsi=40, bb=0.31, llm=hold)",-0.300,40.42,0.600
2025-12-29,ADA-USDT,0.3532,sell,"SELL: score=-0.7 (sent=-0.40, rsi=38, bb=0.27, llm=hold)",-0.400,38.28,0.500
2025-12-29,BNB-USDT,852.46,sell,"SELL: score=-3.0 (sent=-0.30, rsi=46, bb=0.42, llm=hold)",-0.300,45.90,0.600
2025-12-29,BTC-USDT,87237.13,sell,"SELL: score=-3.9 (sent=-0.45, rsi=43, bb=0.35, llm=hold)",-0.450,42.93,0.600
2025-12-29,DOGE-USDT,0.12288,sell,"SELL: score=-3.4 (sent=-0.65, rsi=37, bb=0.20, llm=hold)",-0.650,37.06,0.550
2025-12-29,DOT-USDT,1.824,sell,"SELL: score=-2.6 (sent=-0.30, rsi=40, bb=0.41, llm=hold)",-0.300,40.45,0.600
2025-12-29,ETH-USDT,2937.9,sell,"SELL: score=-1.9 (sent=-0.30, rsi=45, bb=0.37, llm=hold)",-0.300,45.10,0.600
2025-12-29,LTC-USDT,78.32,sell,"SELL: score=-4.9 (sent=-0.30, rsi=45, bb=0.49, llm=hold)",-0.300,44.71,0.500
2025-12-29,SOL-USDT,123.28,sell,"SELL: score=-0.5 (sent=-0.30, rsi=43, bb=0.32, llm=hold)",-0.300,43.14,0.500
2025-12-29,XRP-USDT,1.8508,sell,"SELL: score=-1.0 (sent=-0.40, rsi=39, bb=0.28, llm=hold)",-0.400,39.24,0.600
2025-12-30,ADA-USDT,0.3514,sell,"SELL: score=-0.1 (sent=-0.40, rsi=38, bb=0.25, llm=hold)",-0.400,37.84,0.600
2025-12-30,BNB-USDT,861.65,sell,"SELL: score=1.3 (sent=0.15, rsi=49, bb=0.56, llm=hold)",0.150,48.78,0.550
2025-12-30,BTC-USDT,88485.49,sell,"SELL: score=1.2 (sent=0.15, rsi=48, bb=0.56, llm=hold)",0.150,48.22,0.550
2025-12-30,DOGE-USDT,0.12336,sell,"SELL: score=0.2 (sent=-0.40, rsi=38, bb=0.24, llm=hold)",-0.400,37.80,0.600
2025-12-30,DOT-USDT,1.811,sell,"SELL: score=-2.4 (sent=-0.30, rsi=40, bb=0.41, llm=hold)",-0.300,39.82,0.600
2025-12-30,ETH-USDT,2973.69,sell,"SELL: score=-4.8 (sent=-0.30, rsi=48, bb=0.48, llm=hold)",-0.300,48.09,0.600
2025-12-30,LTC-USDT,78.89,sell,"SELL: score=0.7 (sent=0.15, rsi=46, bb=0.58, llm=hold)",0.150,46.22,0.550
2025-12-30,SOL-USDT,125.01,sell,"SELL: score=-0.8 (sent=-0.15, rsi=46, bb=0.44, llm=hold)",-0.150,45.99,0.550
2025-12-30,XRP-USDT,1.8776,sell,"SELL: score=-0.5 (sent=-0.20, rsi=43, bb=0.39, llm=hold)",-0.200,42.57,0.500
2025-12-31,ADA-USDT,0.3335,sell,"SELL: score=0.3 (sent=-0.65, rsi=34, bb=0.07, llm=hold)",-0.650,33.73,0.600
2025-12-31,BNB-USDT,864.3,sell,"SELL: score=-0.3 (sent=0.15, rsi=50, bb=0.61, llm=hold)",0.150,49.61,0.550
2025-12-31,BTC-USDT,87648.22,sell,"SELL: score=-2.1 (sent=-0.20, rsi=45, bb=0.45, llm=hold)",-0.200,45.19,0.500
2025-12-31,DOGE-USDT,0.11747,sell,"SELL: score=1.5 (sent=-0.65, rsi=33, bb=0.02, llm=hold)",-0.650,32.74,0.600
2025-12-31,DOT-USDT,1.789,sell,"SELL: score=-3.3 (sent=-0.40, rsi=39, bb=0.37, llm=hold)",-0.400,38.72,0.600
2025-12-31,ETH-USDT,2971.64,sell,"SELL: score=-5.7 (sent=-0.30, rsi=48, bb=0.52, llm=hold)",-0.300,47.93,0.600
2025-12-31,LTC-USDT,76.85,sell,"SELL: score=-1.6 (sent=-0.30, rsi=42, bb=0.37, llm=hold)",-0.300,41.83,0.500
2025-12-31,SOL-USDT,124.65,sell,"SELL: score=-0.9 (sent=-0.15, rsi=45, bb=0.44, llm=hold)",-0.150,45.48,0.550
2025-12-31,XRP-USDT,1.8423,sell,"SELL: score=-0.7 (sent=-0.40, rsi=39, bb=0.27, llm=hold)",-0.400,39.50,0.600
2026-01-01,ADA-USDT,0.3565,sell,"SELL: score=0.3 (sent=-0.20, rsi=42, bb=0.36, llm=hold)",-0.200,42.39,0.500
2026-01-01,BNB-USDT,864.39,sell,"SELL: score=-1.7 (sent=0.10, rsi=50, bb=0.64, llm=hold)",0.100,49.64,0.500
2026-01-01,BTC-USDT,88839.04,sell,"SELL: score=-1.2 (sent=0.30, rsi=50, bb=0.75, llm=hold)",0.300,50.00,0.500
2026-01-01,DOGE-USDT,0.12683,sell,"SELL: score=-1.4 (sent=-0.15, rsi=45, bb=0.46, llm=hold)",-0.150,45.27,0.550
2026-01-01,DOT-USDT,1.999,sell,"SELL: score=-6.3 (sent=0.30, rsi=52, bb=0.95, llm=hold)",0.300,52.26,0.400
2026-01-01,ETH-USDT,3004.19,sell,"SELL: score=-2.3 (sent=0.10, rsi=51, bb=0.66, llm=hold)",0.100,50.74,0.500
2026-01-01,LTC-USDT,79.97,sell,"SELL: score=-4.7 (sent=0.20, rsi=50, bb=0.82, llm=hold)",0.200,49.70,0.600
2026-01-01,SOL-USDT,126.9,sell,"SELL: score=-1.5 (sent=0.10, rsi=49, bb=0.63, llm=hold)",0.100,49.28,0.500
2026-01-01,XRP-USDT,1.8799,sell,"SELL: score=-2.2 (sent=-0.20, rsi=44, bb=0.46, llm=hold)",-0.200,44.13,0.600
2026-01-02,ADA-USDT,0.3949,sell,"SELL: score=-8.6 (sent=0.15, rsi=53, bb=0.93, llm=hold)",0.150,53.35,0.450
2026-01-02,BNB-USDT,881.25,sell,"SELL: score=-4.9 (sent=0.40, rsi=55, bb=0.96, llm=hold)",0.400,55.03,0.600
2026-01-02,BTC-USDT,89995.13,sell,"SELL: score=-7.4 (sent=0.40, rsi=54, bb=1.05, llm=hold)",0.400,54.20,0.600
2026-01-02,DOGE-USDT,0.14188,sell,"SELL: score=-11.4 (sent=0.30, rsi=59, bb=1.13, llm=hold)",0.300,58.62,0.650
2026-01-02,DOT-USDT,2.166,sell,"SELL: score=-14.3 (sent=0.30, rsi=60, bb=1.24, llm=hold)",0.300,59.85,0.400
2026-01-02,ETH-USDT,3125.45,sell,"SELL: score=-9.1 (sent=0.40, rsi=60, bb=1.11, llm=hold)",0.400,59.53,0.600
2026-01-02,LTC-USDT,81.93,sell,"SELL: score=-9.8 (sent=0.30, rsi=54, bb=1.08, llm=hold)",0.300,53.92,0.600
2026-01-02,SOL-USDT,132.29,sell,"SELL: score=-8.1 (sent=0.40, rsi=57, bb=1.08, llm=hold)",0.400,57.00,0.600
2026-01-02,XRP-USDT,2.0069,sell,"SELL: score=-10.7 (sent=0.30, rsi=56, bb=1.11, llm=hold)",0.300,56.29,0.600
2026-01-03,ADA-USDT,0.3893,sell,"SELL: score=-6.8 (sent=0.15, rsi=52, bb=0.86, llm=hold)",0.150,51.80,0.550
2026-01-03,BNB-USDT,878.63,sell,"SELL: score=-7.2 (sent=0.20, rsi=54, bb=0.91, llm=hold)",0.200,54.06,0.600
2026-01-03,BTC-USDT,90628.01,sell,"SELL: score=-8.1 (sent=0.40, rsi=56, bb=1.08, llm=hold)",0.400,56.36,0.600
2026-01-03,DOGE-USDT,0.14315,sell,"SELL: score=-10.1 (sent=0.30, rsi=60, bb=1.08, llm=hold)",0.300,59.51,0.550
2026-01-03,DOT-USDT,2.125,sell,"SELL: score=-7.5 (sent=0.40, rsi=57, bb=1.05, llm=hold)",0.400,57.43,0.600
2026-01-03,ETH-USDT,3127.11,sell,"SELL: score=-9.4 (sent=0.30, rsi=60, bb=1.05, llm=hold)",0.300,59.64,0.600
2026-01-03,LTC-USDT,82.08,sell,"SELL: score=-9.0 (sent=0.25, rsi=54, bb=1.01, llm=hold)",0.250,54.23,0.550
2026-01-03,SOL-USDT,133.37,sell,"SELL: score=-10.0 (sent=0.30, rsi=58, bb=1.08, llm=hold)",0.300,58.37,0.600
2026-01-03,XRP-USDT,2.0182,sell,"SELL: score=-10.6 (sent=0.30, rsi=57, bb=1.10, llm=hold)",0.300,57.18,0.650
2026-01-04,ADA-USDT,0.4007,sell,"SELL: score=-10.4 (sent=0.15, rsi=55, bb=0.99, llm=hold)",0.150,54.68,0.550
2026-01-04,BNB-USDT,895.43,sell,"SELL: score=-7.9 (sent=0.40, rsi=59, bb=1.06, llm=hold)",0.400,59.04,0.600
2026-01-04,BTC-USDT,91529.73,sell,"SELL: score=-9.1 (sent=0.40, rsi=59, bb=1.11, llm=hold)",0.400,59.30,0.600
2026-01-04,DOGE-USDT,0.14953,sell,"SELL: score=-9.9 (sent=0.40, rsi=64, bb=1.13, llm=hold)",0.400,63.76,0.600
2026-01-04,DOT-USDT,2.142,sell,"SELL: score=-6.2 (sent=0.40, rsi=58, bb=1.00, llm=hold)",0.400,58.19,0.600
2026-01-04,ETH-USDT,3144.7,sell,"SELL: score=-6.6 (sent=0.40, rsi=61, bb=1.01, llm=hold)",0.400,60.81,0.600
2026-01-04,LTC-USDT,82.26,sell,"SELL: score=-6.7 (sent=0.30, rsi=55, bb=0.96, llm=hold)",0.300,54.63,0.500
2026-01-04,SOL-USDT,134.12,sell,"SELL: score=-8.9 (sent=0.30, rsi=59, bb=1.03, llm=hold)",0.300,59.34,0.650
2026-01-04,XRP-USDT,2.0909,sell,"SELL: score=-11.2 (sent=0.40, rsi=62, bb=1.19, llm=hold)",0.400,62.49,0.600
2026-01-05,ADA-USDT,0.4211,sell,"SELL: score=-11.5 (sent=0.30, rsi=59, bb=1.13, llm=hold)",0.300,59.36,0.500
2026-01-05,BNB-USDT,910.31,sell,"SELL: score=-9.8 (sent=0.40, rsi=63, bb=1.13, llm=hold)",0.400,62.88,0.600
2026-01-05,BTC-USDT,93859.71,sell,"SELL: score=-8.7 (sent=0.60, rsi=66, bb=1.22, llm=hold)",0.600,65.74,0.650
2026-01-05,DOGE-USDT,0.15171,sell,"SELL: score=-8.3 (sent=0.40, rsi=65, bb=1.07, llm=hold)",0.400,65.11,0.550
2026-01-05,DOT-USDT,2.208,sell,"SELL: score=-6.7 (sent=0.40, rsi=61, bb=1.02, llm=hold)",0.400,61.07,0.600
2026-01-05,ETH-USDT,3224.99,sell,"SELL: score=-7.1 (sent=0.50, rsi=66, bb=1.09, llm=hold)",0.500,65.71,0.600
2026-01-05,LTC-USDT,83.46,sell,"SELL: score=-6.2 (sent=0.40, rsi=57, bb=1.00, llm=hold)",0.400,57.33,0.700
2026-01-05,SOL-USDT,137.9,sell,"SELL: score=-8.6 (sent=0.45, rsi=64, bb=1.12, llm=hold)",0.450,63.89,0.600
2026-01-05,XRP-USDT,2.3478,sell,"SELL: score=-16.7 (sent=0.40, rsi=75, bb=1.37, llm=hold)",0.400,74.52,0.500
2026-01-06,ADA-USDT,0.4194,sell,"SELL: score=-7.4 (sent=0.35, rsi=59, bb=1.01, llm=hold)",0.350,58.82,0.600
2026-01-06,BNB-USDT,917.64,sell,"SELL: score=-8.4 (sent=0.40, rsi=65, bb=1.07, llm=hold)",0.400,64.64,0.600
2026-01-06,BTC-USDT,93747.97,sell,"SELL: score=-8.4 (sent=0.40, rsi=65, bb=1.07, llm=hold)",0.400,65.20,0.600
2026-01-06,DOGE-USDT,0.15055,sell,"SELL: score=-7.2 (sent=0.30, rsi=64, bb=0.96, llm=hold)",0.300,63.75,0.600
2026-01-06,DOT-USDT,2.235,sell,"SELL: score=-5.7 (sent=0.40, rsi=62, bb=0.97, llm=hold)",0.400,62.22,0.600
2026-01-06,ETH-USDT,3296.84,sell,"SELL: score=-9.9 (sent=0.40, rsi=69, bb=1.12, llm=hold)",0.400,69.39,0.600
2026-01-06,LTC-USDT,83.96,sell,"SELL: score=-5.4 (sent=0.40, rsi=58, bb=0.97, llm=hold)",0.400,58.44,0.600
2026-01-06,SOL-USDT,141.08,sell,"SELL: score=-9.5 (sent=0.40, rsi=67, bb=1.11, llm=hold)",0.400,67.22,0.600
2026-01-06,XRP-USDT,2.3042,sell,"SELL: score=-11.4 (sent=0.30, rsi=70, bb=1.11, llm=hold)",0.300,70.39,0.500
2026-01-07,ADA-USDT,0.4022,sell,"SELL: score=-4.3 (sent=0.20, rsi=53, bb=0.80, llm=hold)",0.200,53.47,0.600
2026-01-07,BNB-USDT,900.3,sell,"SELL: score=-4.2 (sent=0.30, rsi=58, bb=0.86, llm=hold)",0.300,57.68,0.650
2026-01-07,BTC-USDT,91364.16,sell,"SELL: score=-3.7 (sent=0.20, rsi=55, bb=0.77, llm=hold)",0.200,54.97,0.500
2026-01-07,DOGE-USDT,0.14642,sell,"SELL: score=-3.4 (sent=0.30, rsi=59, bb=0.82, llm=hold)",0.300,59.03,0.500
2026-01-07,DOT-USDT,2.145,sell,"SELL: score=-3.0 (sent=0.30, rsi=56, bb=0.81, llm=hold)",0.300,56.27,0.650
2026-01-07,ETH-USDT,3168.72,sell,"SELL: score=-3.1 (sent=0.30, rsi=58, bb=0.81, llm=hold)",0.300,57.52,0.650
2026-01-07,LTC-USDT,81.71,sell,"SELL: score=-2.9 (sent=0.20, rsi=52, bb=0.74, llm=hold)",0.200,51.91,0.600
2026-01-07,SOL-USDT,136.39,sell,"SELL: score=-4.5 (sent=0.30, rsi=59, bb=0.86, llm=hold)",0.300,58.64,0.650
2026-01-07,XRP-USDT,2.1657,sell,"SELL: score=-2.9 (sent=0.35, rsi=59, bb=0.84, llm=hold)",0.350,59.19,0.600
2026-01-08,ADA-USDT,0.3956,sell,"SELL: score=-3.0 (sent=0.15, rsi=52, bb=0.72, llm=hold)",0.150,51.53,0.550
2026-01-08,BNB-USDT,892.26,sell,"SELL: score=-2.2 (sent=0.25, rsi=55, bb=0.75, llm=hold)",0.250,54.74,0.600
2026-01-08,BTC-USDT,91099.99,sell,"SELL: score=-0.5 (sent=0.30, rsi=54, bb=0.72, llm=hold)",0.300,53.96,0.700
2026-01-08,DOGE-USDT,0.14194,sell,"SELL: score=-2.7 (sent=0.15, rsi=54, bb=0.70, llm=hold)",0.150,54.33,0.550
2026-01-08,DOT-USDT,2.111,sell,"SELL: score=-3.7 (sent=0.15, rsi=54, bb=0.74, llm=hold)",0.150,54.16,0.550
2026-01-08,ETH-USDT,3106.65,sell,"SELL: score=-0.7 (sent=0.20, rsi=53, bb=0.66, llm=hold)",0.200,52.81,0.600
2026-01-08,LTC-USDT,81.31,sell,"SELL: score=-1.3 (sent=0.20, rsi=51, bb=0.69, llm=hold)",0.200,50.82,0.500
2026-01-08,SOL-USDT,138.37,sell,"SELL: score=-3.6 (sent=0.40, rsi=61, bb=0.89, llm=hold)",0.400,60.91,0.600
2026-01-08,XRP-USDT,2.1232,sell,"SELL: score=-1.2 (sent=0.30, rsi=56, bb=0.74, llm=hold)",0.300,56.23,0.500
2026-01-09,ADA-USDT,0.3914,sell,"SELL: score=-2.5 (sent=0.10, rsi=50, bb=0.66, llm=hold)",0.100,50.28,0.500
2026-01-09,BNB-USDT,896.86,sell,"SELL: score=-1.8 (sent=0.30, rsi=56, bb=0.77, llm=hold)",0.300,56.12,0.650
2026-01-09,BTC-USDT,90641.28,sell,"SELL: score=1.4 (sent=0.30, rsi=52, bb=0.65, llm=hold)",0.300,52.17,0.500
2026-01-09,DOGE-USDT,0.14071,sell,"SELL: score=-0.7 (sent=0.20, rsi=53, bb=0.66, llm=hold)",0.200,53.08,0.600
2026-01-09,DOT-USDT,2.083,sell,"SELL: score=-2.2 (sent=0.15, rsi=52, bb=0.68, llm=hold)",0.150,52.42,0.550
2026-01-09,ETH-USDT,3088.4,sell,"SELL: score=0.8 (sent=0.20, rsi=51, bb=0.61, llm=hold)",0.200,51.47,0.600
2026-01-09,LTC-USDT,81.49,sell,"SELL: score=0.5 (sent=0.30, rsi=51, bb=0.69, llm=hold)",0.300,51.31,0.600
2026-01-09,SOL-USDT,135.97,sell,"SELL: score=-1.1 (sent=0.35, rsi=57, bb=0.77, llm=hold)",0.350,56.84,0.650
2026-01-09,XRP-USDT,2.0958,sell,"SELL: score=-0.5 (sent=0.25, rsi=54, bb=0.68, llm=hold)",0.250,54.34,0.600
2026-01-10,ADA-USDT,0.3886,sell,"SELL: score=-1.4 (sent=0.10, rsi=49, bb=0.62, llm=hold)",0.100,49.42,0.500
2026-01-10,BNB-USDT,907.93,sell,"SELL: score=-1.9 (sent=0.40, rsi=59, bb=0.83, llm=hold)",0.400,59.33,0.600
2026-01-10,BTC-USDT,90504.7,sell,"SELL: score=0.4 (sent=0.20, rsi=52, bb=0.62, llm=hold)",0.200,51.62,0.500
2026-01-10,DOGE-USDT,0.13965,sell,"SELL: score=-0.7 (sent=0.15, rsi=52, bb=0.63, llm=hold)",0.150,51.97,0.600
2026-01-10,DOT-USDT,2.093,sell,"SELL: score=-1.2 (sent=0.20, rsi=53, bb=0.68, llm=hold)",0.200,53.00,0.500
2026-01-10,ETH-USDT,3086.72,sell,"SELL: score=1.1 (sent=0.20, rsi=51, bb=0.59, llm=hold)",0.200,51.34,0.600
2026-01-10,LTC-USDT,81.19,sell,"SELL: score=-0.1 (sent=0.20, rsi=50, bb=0.64, llm=hold)",0.200,50.41,0.600
2026-01-10,SOL-USDT,135.84,sell,"SELL: score=0.6 (sent=0.40, rsi=57, bb=0.74, llm=hold)",0.400,56.62,0.650
2026-01-10,XRP-USDT,2.0907,sell,"SELL: score=-1.7 (sent=0.15, rsi=54, bb=0.66, llm=hold)",0.150,53.98,0.550
2026-01-11,ADA-USDT,0.391,sell,"SELL: score=-0.9 (sent=0.15, rsi=50, bb=0.64, llm=hold)",0.150,50.21,0.550
2026-01-11,BNB-USDT,904.32,sell,"SELL: score=-0.3 (sent=0.40, rsi=58, bb=0.77, llm=hold)",0.400,57.84,0.600
2026-01-11,BTC-USDT,91013.65,sell,"SELL: score=0.9 (sent=0.30, rsi=54, bb=0.67, llm=hold)",0.300,53.58,0.600
2026-01-11,DOGE-USDT,0.13801,sell,"SELL: score=0.5 (sent=0.15, rsi=50, bb=0.58, llm=hold)",0.150,50.22,0.550
2026-01-11,DOT-USDT,2.07,sell,"SELL: score=-0.8 (sent=0.15, rsi=51, bb=0.63, llm=hold)",0.150,51.44,0.600
2026-01-11,ETH-USDT,3123.45,sell,"SELL: score=1.0 (sent=0.30, rsi=54, bb=0.66, llm=hold)",0.300,54.05,0.500
2026-01-11,LTC-USDT,78.79,sell,"SELL: score=-2.4 (sent=-0.30, rsi=44, bb=0.40, llm=hold)",-0.300,43.73,0.600
2026-01-11,SOL-USDT,139.7,sell,"SELL: score=-2.3 (sent=0.40, rsi=61, bb=0.85, llm=hold)",0.400,61.41,0.600
2026-01-11,XRP-USDT,2.0745,sell,"SELL: score=-0.6 (sent=0.15, rsi=53, bb=0.62, llm=hold)",0.150,52.77,0.600
2026-01-12,ADA-USDT,0.3862,sell,"SELL: score=0.7 (sent=0.15, rsi=49, bb=0.58, llm=hold)",0.150,48.58,0.550
2026-01-12,BNB-USDT,905.78,sell,"SELL: score=0.1 (sent=0.40, rsi=58, bb=0.76, llm=hold)",0.400,58.30,0.600
2026-01-12,BTC-USDT,91296.2,sell,"SELL: score=0.5 (sent=0.30, rsi=55, bb=0.68, llm=hold)",0.300,54.68,0.650
2026-01-12,DOGE-USDT,0.13662,sell,"SELL: score=1.6 (sent=0.15, rsi=49, bb=0.54, llm=hold)",0.150,48.72,0.550
2026-01-12,DOT-USDT,2.055,sell,"SELL: score=1.1 (sent=0.20, rsi=50, bb=0.59, llm=hold)",0.200,50.40,0.600
2026-01-12,ETH-USDT,3095.75,sell,"SELL: score=0.4 (sent=0.15, rsi=52, bb=0.59, llm=hold)",0.150,51.71,0.600
2026-01-12,LTC-USDT,76.12,sell,"SELL: score=1.7 (sent=-0.45, rsi=38, bb=0.14, llm=hold)",-0.450,37.75,0.550
2026-01-12,SOL-USDT,139.22,sell,"SELL: score=2.6 (sent=0.60, rsi=61, bb=0.80, llm=hold)",0.600,60.51,0.700
2026-01-12,XRP-USDT,2.054,sell,"SELL: score=1.5 (sent=0.20, rsi=51, bb=0.58, llm=hold)",0.200,51.21,0.500
2026-01-13,ADA-USDT,0.4218,sell,"SELL: score=-3.1 (sent=0.40, rsi=59, bb=0.88, llm=hold)",0.400,59.15,0.600
2026-01-13,BNB-USDT,943.73,sell,"SELL: score=-3.3 (sent=0.60, rsi=68, bb=1.01, llm=hold)",0.600,67.97,0.650
2026-01-13,BTC-USDT,95414.0,sell,"SELL: score=-4.3 (sent=0.60, rsi=67, bb=1.05, llm=hold)",0.600,66.97,0.650
2026-01-13,DOGE-USDT,0.14828,sell,"SELL: score=-0.5 (sent=0.40, rsi=60, bb=0.78, llm=hold)",0.400,59.60,0.600
2026-01-13,DOT-USDT,2.282,sell,"SELL: score=-3.1 (sent=0.40, rsi=63, bb=0.87, llm=hold)",0.400,62.69,0.600
2026-01-13,ETH-USDT,3325.82,sell,"SELL: score=-6.7 (sent=0.40, rsi=65, bb=1.01, llm=hold)",0.400,65.17,0.600
2026-01-13,LTC-USDT,78.18,sell,"SELL: score=-2.3 (sent=-0.40, rsi=44, bb=0.32, llm=hold)",-0.400,44.10,0.650
2026-01-13,SOL-USDT,145.51,sell,"SELL: score=-1.8 (sent=0.60, rsi=67, bb=0.95, llm=hold)",0.600,67.25,0.650
2026-01-13,XRP-USDT,2.1655,sell,"SELL: score=1.7 (sent=0.45, rsi=58, bb=0.73, llm=hold)",0.450,58.41,0.650
2026-01-14,ADA-USDT,0.4143,sell,"SELL: score=-0.4 (sent=0.40, rsi=57, bb=0.78, llm=hold)",0.400,56.51,0.650
2026-01-14,BNB-USDT,948.47,sell,"SELL: score=-6.4 (sent=0.40, rsi=69, bb=0.99, llm=hold)",0.400,68.94,0.600
2026-01-14,BTC-USDT,96951.78,sell,"SELL: score=-10.6 (sent=0.30, rsi=70, bb=1.08, llm=hold)",0.300,70.21,0.600
2026-01-14,DOGE-USDT,0.14718,sell,"SELL: score=0.8 (sent=0.40, rsi=58, bb=0.73, llm=hold)",0.400,58.34,0.600
2026-01-14,DOT-USDT,2.226,sell,"SELL: score=-0.4 (sent=0.40, rsi=59, bb=0.77, llm=hold)",0.400,58.82,0.650
2026-01-14,ETH-USDT,3354.92,sell,"SELL: score=-6.3 (sent=0.40, rsi=66, bb=0.99, llm=hold)",0.400,66.45,0.600
2026-01-14,LTC-USDT,76.67,sell,"SELL: score=-1.3 (sent=-0.60, rsi=41, bb=0.15, llm=hold)",-0.600,40.81,0.600
2026-01-14,SOL-USDT,146.69,sell,"SELL: score=-5.1 (sent=0.40, rsi=68, bb=0.94, llm=hold)",0.400,68.34,0.600
2026-01-14,XRP-USDT,2.1394,sell,"SELL: score=2.5 (sent=0.40, rsi=56, bb=0.67, llm=hold)",0.400,56.32,0.700
2026-01-15,ADA-USDT,0.3936,sell,"SELL: score=0.1 (sent=0.10, rsi=50, bb=0.56, llm=hold)",0.100,49.90,0.500
2026-01-15,BNB-USDT,931.2,sell,"SELL: score=-1.7 (sent=0.40, rsi=62, bb=0.82, llm=hold)",0.400,61.62,0.600
2026-01-15,BTC-USDT,95604.8,sell,"SELL: score=-4.0 (sent=0.40, rsi=64, bb=0.90, llm=hold)",0.400,64.26,0.600
2026-01-15,DOGE-USDT,0.14004,sell,"SELL: score=1.2 (sent=0.15, rsi=51, bb=0.55, llm=hold)",0.150,50.84,0.550
2026-01-15,DOT-USDT,2.117,sell,"SELL: score=0.2 (sent=0.15, rsi=52, bb=0.59, llm=hold)",0.150,52.08,0.550
2026-01-15,ETH-USDT,3318.69,sell,"SELL: score=-3.2 (sent=0.40, rsi=63, bb=0.88, llm=hold)",0.400,63.34,0.600
2026-01-15,LTC-USDT,72.21,buy,"BUY: score=6.2 (sent=-0.65, rsi=33, bb=-0.16, llm=hold)",-0.650,32.99,0.600
2026-01-15,SOL-USDT,142.4,sell,"SELL: score=-0.4 (sent=0.40, rsi=60, bb=0.77, llm=hold)",0.400,60.46,0.600
2026-01-15,XRP-USDT,2.0789,sell,"SELL: score=1.2 (sent=0.15, rsi=52, bb=0.55, llm=hold)",0.150,51.69,0.550
2026-01-16,ADA-USDT,0.3955,sell,"SELL: score=0.8 (sent=0.15, rsi=50, bb=0.57, llm=hold)",0.150,50.48,0.600
2026-01-16,BNB-USDT,938.16,sell,"SELL: score=-2.5 (sent=0.40, rsi=63, bb=0.85, llm=hold)",0.400,63.31,0.600
2026-01-16,BTC-USDT,95550.94,sell,"SELL: score=-3.6 (sent=0.35, rsi=64, bb=0.86, llm=hold)",0.350,64.02,0.600
2026-01-16,DOGE-USDT,0.13813,sell,"SELL: score=2.0 (sent=0.10, rsi=49, bb=0.49, llm=hold)",0.100,49.03,0.500
2026-01-16,DOT-USDT,2.119,sell,"SELL: score=1.4 (sent=0.20, rsi=52, bb=0.58, llm=hold)",0.200,52.19,0.500
2026-01-16,ETH-USDT,3296.28,sell,"SELL: score=-1.2 (sent=0.40, rsi=61, bb=0.80, llm=hold)",0.400,61.43,0.600
2026-01-16,LTC-USDT,75.22,sell,"SELL: score=2.4 (sent=-0.40, rsi=41, bb=0.15, llm=hold)",-0.400,41.18,0.500
2026-01-16,SOL-USDT,144.89,sell,"SELL: score=-1.8 (sent=0.40, rsi=63, bb=0.82, llm=hold)",0.400,63.12,0.600
2026-01-16,XRP-USDT,2.0678,sell,"SELL: score=-3.2 (sent=-0.15, rsi=51, bb=0.52, llm=hold)",-0.150,50.86,0.600
2026-01-17,ADA-USDT,0.3973,sell,"SELL: score=1.5 (sent=0.20, rsi=51, bb=0.58, llm=hold)",0.200,51.05,0.500
2026-01-17,BNB-USDT,947.12,sell,"SELL: score=-3.4 (sent=0.40, rsi=65, bb=0.88, llm=hold)",0.400,65.43,0.600
2026-01-17,BTC-USDT,95147.77,sell,"SELL: score=-0.9 (sent=0.40, rsi=62, bb=0.79, llm=hold)",0.400,62.20,0.600
2026-01-17,DOGE-USDT,0.13788,sell,"SELL: score=-2.7 (sent=-0.20, rsi=49, bb=0.47, llm=hold)",-0.200,48.78,0.600
2026-01-17,DOT-USDT,2.179,sell,"SELL: score=2.7 (sent=0.40, rsi=55, bb=0.66, llm=hold)",0.400,55.44,0.600
2026-01-17,ETH-USDT,3310.56,sell,"SELL: score=-1.2 (sent=0.40, rsi=62, bb=0.80, llm=hold)",0.400,62.21,0.600
2026-01-17,LTC-USDT,74.92,sell,"SELL: score=-1.5 (sent=-0.60, rsi=41, bb=0.16, llm=hold)",-0.600,40.65,0.600
2026-01-17,SOL-USDT,143.72,sell,"SELL: score=-0.1 (sent=0.40, rsi=61, bb=0.76, llm=hold)",0.400,61.04,0.700
2026-01-17,XRP-USDT,2.0631,sell,"SELL: score=-3.4 (sent=-0.20, rsi=50, bb=0.49, llm=hold)",-0.200,50.50,0.600
2026-01-18,ADA-USDT,0.3758,sell,"SELL: score=-2.6 (sent=-0.40, rsi=44, bb=0.33, llm=hold)",-0.400,44.46,0.600
2026-01-18,BNB-USDT,932.51,sell,"SELL: score=-0.3 (sent=0.35, rsi=59, bb=0.74, llm=hold)",0.350,59.42,0.700
2026-01-18,BTC-USDT,93673.14,sell,"SELL: score=2.3 (sent=0.35, rsi=56, bb=0.64, llm=hold)",0.350,55.92,0.650
2026-01-18,DOGE-USDT,0.13164,sell,"SELL: score=-1.2 (sent=-0.40, rsi=43, bb=0.28, llm=hold)",-0.400,42.99,0.600
2026-01-18,DOT-USDT,2.065,sell,"SELL: score=4.6 (sent=0.15, rsi=49, bb=0.43, llm=hold)",0.150,48.66,0.550
2026-01-18,ETH-USDT,3284.03,sell,"SELL: score=1.6 (sent=0.45, rsi=60, bb=0.73, llm=hold)",0.450,59.78,0.650
2026-01-18,LTC-USDT,72.29,sell,"SELL: score=1.2 (sent=-0.65, rsi=36, bb=0.03, llm=hold)",-0.650,36.22,0.600
2026-01-18,SOL-USDT,137.87,sell,"SELL: score=2.7 (sent=0.20, rsi=52, bb=0.53, llm=hold)",0.200,51.85,0.600
2026-01-18,XRP-USDT,1.9914,sell,"SELL: score=-1.8 (sent=-0.35, rsi=45, bb=0.34, llm=hold)",-0.350,45.14,0.600
2026-01-19,ADA-USDT,0.3703,sell,"SELL: score=-1.2 (sent=-0.45, rsi=43, bb=0.25, llm=hold)",-0.450,42.93,0.550
2026-01-19,BNB-USDT,923.6,sell,"SELL: score=1.5 (sent=0.30, rsi=56, bb=0.64, llm=hold)",0.300,56.04,0.650
2026-01-19,BTC-USDT,92631.0,sell,"SELL: score=4.6 (sent=0.30, rsi=52, bb=0.53, llm=hold)",0.300,51.93,0.600
2026-01-19,DOGE-USDT,0.12916,sell,"SELL: score=0.4 (sent=-0.45, rsi=41, bb=0.19, llm=hold)",-0.450,40.92,0.550
2026-01-19,DOT-USDT,2.028,sell,"SELL: score=0.9 (sent=-0.25, rsi=47, bb=0.30, llm=hold)",-0.250,46.67,0.500
2026-01-19,ETH-USDT,3189.55,sell,"SELL: score=2.2 (sent=0.15, rsi=52, bb=0.52, llm=hold)",0.150,52.00,0.600
2026-01-19,LTC-USDT,70.8,sell,"SELL: score=2.6 (sent=-0.60, rsi=34, bb=0.01, llm=hold)",-0.600,33.96,0.600
2026-01-19,SOL-USDT,133.44,sell,"SELL: score=1.1 (sent=-0.20, rsi=46, bb=0.32, llm=hold)",-0.200,46.18,0.600
2026-01-19,XRP-USDT,1.986,sell,"SELL: score=-2.7 (sent=-0.45, rsi=45, bb=0.30, llm=hold)",-0.450,44.75,0.600
2026-01-20,ADA-USDT,0.3507,sell,"SELL: score=3.2 (sent=-0.65, rsi=38, bb=-0.05, llm=hold)",-0.650,37.93,0.600
2026-01-20,BNB-USDT,884.2,sell,"SELL: score=-0.0 (sent=-0.40, rsi=44, bb=0.23, llm=hold)",-0.400,44.10,0.600
2026-01-20,BTC-USDT,88427.66,sell,"SELL: score=-0.7 (sent=-0.65, rsi=40, bb=0.09, llm=hold)",-0.650,39.64,0.600
2026-01-20,DOGE-USDT,0.12336,sell,"SELL: score=2.8 (sent=-0.65, rsi=36, bb=-0.03, llm=hold)",-0.650,36.48,0.600
2026-01-20,DOT-USDT,1.897,buy,"BUY: score=4.9 (sent=-0.65, rsi=40, bb=-0.12, llm=hold)",-0.650,40.37,0.600
2026-01-20,ETH-USDT,2939.88,buy,"BUY: score=5.9 (sent=-0.45, rsi=38, bb=-0.02, llm=hold)",-0.450,37.94,0.550
2026-01-20,LTC-USDT,67.12,sell,"SELL: score=2.5 (sent=-0.75, rsi=29, bb=-0.08, llm=hold)",-0.750,29.13,0.600
2026-01-20,SOL-USDT,125.8,buy,"BUY: score=5.9 (sent=-0.45, rsi=38, bb=-0.02, llm=hold)",-0.450,38.38,0.550
2026-01-20,XRP-USDT,1.89,sell,"SELL: score=-0.2 (sent=-0.65, rsi=38, bb=0.08, llm=hold)",-0.650,38.46,0.600
2026-01-21,ADA-USDT,0.3659,sell,"SELL: score=1.9 (sent=-0.45, rsi=43, bb=0.13, llm=hold)",-0.450,43.43,0.550
2026-01-21,BNB-USDT,883.36,sell,"SELL: score=1.0 (sent=-0.40, rsi=44, bb=0.20, llm=hold)",-0.400,43.89,0.600
2026-01-21,BTC-USDT,89454.73,sell,"SELL: score=1.2 (sent=-0.40, rsi=43, bb=0.19, llm=hold)",-0.400,43.18,0.600
2026-01-21,DOGE-USDT,0.12654,sell,"SELL: score=4.4 (sent=-0.40, rsi=40, bb=0.07, llm=hold)",-0.400,40.30,0.500
2026-01-21,DOT-USDT,1.955,sell,"SELL: score=3.5 (sent=-0.45, rsi=44, bb=0.07, llm=hold)",-0.450,43.97,0.600
2026-01-21,ETH-USDT,2982.27,sell,"SELL: score=3.2 (sent=-0.45, rsi=41, bb=0.08, llm=hold)",-0.450,40.86,0.550
2026-01-21,LTC-USDT,68.48,sell,"SELL: score=0.5 (sent=-0.65, rsi=33, bb=0.06, llm=hold)",-0.650,32.93,0.600
2026-01-21,SOL-USDT,129.54,sell,"SELL: score=2.8 (sent=-0.40, rsi=43, bb=0.13, llm=hold)",-0.400,43.42,0.500
2026-01-21,XRP-USDT,1.9476,sell,"SELL: score=0.5 (sent=-0.45, rsi=44, bb=0.18, llm=hold)",-0.450,43.58,0.650
2026-01-22,ADA-USDT,0.3594,sell,"SELL: score=0.1 (sent=-0.60, rsi=42, bb=0.09, llm=hold)",-0.600,41.73,0.600
2026-01-22,BNB-USDT,888.06,sell,"SELL: score=3.4 (sent=-0.20, rsi=45, bb=0.24, llm=hold)",-0.200,45.49,0.500
2026-01-22,BTC-USDT,89559.67,sell,"SELL: score=-2.9 (sent=-0.60, rsi=44, bb=0.21, llm=hold)",-0.600,43.54,0.600
2026-01-22,DOGE-USDT,0.12437,sell,"SELL: score=0.1 (sent=-0.65, rsi=39, bb=0.07, llm=hold)",-0.650,38.59,0.600
2026-01-22,DOT-USDT,1.927,sell,"SELL: score=0.1 (sent=-0.65, rsi=43, bb=0.06, llm=hold)",-0.650,42.63,0.600
2026-01-22,ETH-USDT,2952.69,sell,"SELL: score=-0.1 (sent=-0.65, rsi=39, bb=0.07, llm=hold)",-0.650,39.46,0.600
2026-01-22,LTC-USDT,68.19,sell,"SELL: score=-0.6 (sent=-0.65, rsi=33, bb=0.10, llm=hold)",-0.650,32.53,0.600
2026-01-22,SOL-USDT,128.47,sell,"SELL: score=-1.0 (sent=-0.65, rsi=42, bb=0.10, llm=hold)",-0.650,42.35,0.600
2026-01-22,XRP-USDT,1.9236,sell,"SELL: score=-2.2 (sent=-0.65, rsi=42, bb=0.15, llm=hold)",-0.650,42.02,0.600
2026-01-23,ADA-USDT,0.3602,sell,"SELL: score=-1.2 (sent=-0.60, rsi=42, bb=0.14, llm=hold)",-0.600,42.03,0.600
2026-01-23,BNB-USDT,891.63,sell,"SELL: score=0.0 (sent=-0.35, rsi=47, bb=0.26, llm=hold)",-0.350,46.73,0.600
2026-01-23,BTC-USDT,89600.26,sell,"SELL: score=-0.6 (sent=-0.45, rsi=44, bb=0.22, llm=hold)",-0.450,43.69,0.650
2026-01-23,DOGE-USDT,0.12477,sell,"SELL: score=-0.7 (sent=-0.60, rsi=39, bb=0.13, llm=hold)",-0.600,39.11,0.600
2026-01-23,DOT-USDT,1.926,sell,"SELL: score=-0.4 (sent=-0.60, rsi=43, bb=0.11, llm=hold)",-0.600,42.58,0.600
2026-01-23,ETH-USDT,2956.41,sell,"SELL: score=-1.4 (sent=-0.65, rsi=40, bb=0.12, llm=hold)",-0.650,39.74,0.600
2026-01-23,LTC-USDT,68.07,sell,"SELL: score=-1.6 (sent=-0.65, rsi=32, bb=0.14, llm=hold)",-0.650,32.35,0.600
2026-01-23,SOL-USDT,127.43,sell,"SELL: score=-0.8 (sent=-0.65, rsi=41, bb=0.10, llm=hold)",-0.650,41.29,0.600
2026-01-23,XRP-USDT,1.9196,sell,"SELL: score=-1.8 (sent=-0.60, rsi=42, bb=0.17, llm=hold)",-0.600,41.75,0.650
2026-01-24,ADA-USDT,0.3583,sell,"SELL: score=-2.5 (sent=-0.65, rsi=41, bb=0.16, llm=hold)",-0.650,41.48,0.600
2026-01-24,BNB-USDT,887.17,sell,"SELL: score=2.1 (sent=-0.30, rsi=45, bb=0.22, llm=hold)",-0.300,45.34,0.600
2026-01-24,BTC-USDT,89225.34,sell,"SELL: score=-3.7 (sent=-0.65, rsi=43, bb=0.21, llm=hold)",-0.650,42.57,0.600
2026-01-24,DOGE-USDT,0.12423,sell,"SELL: score=-2.2 (sent=-0.65, rsi=39, bb=0.15, llm=hold)",-0.650,38.64,0.600
2026-01-24,DOT-USDT,1.93,sell,"SELL: score=1.9 (sent=-0.40, rsi=43, bb=0.16, llm=hold)",-0.400,42.87,0.650
2026-01-24,ETH-USDT,2953.22,sell,"SELL: score=-2.2 (sent=-0.65, rsi=40, bb=0.15, llm=hold)",-0.650,39.57,0.600
2026-01-24,LTC-USDT,68.19,sell,"SELL: score=-2.7 (sent=-0.65, rsi=33, bb=0.18, llm=hold)",-0.650,32.74,0.600
2026-01-24,SOL-USDT,127.21,sell,"SELL: score=-1.5 (sent=-0.65, rsi=41, bb=0.13, llm=hold)",-0.650,41.05,0.600
2026-01-24,XRP-USDT,1.9143,sell,"SELL: score=-3.2 (sent=-0.65, rsi=41, bb=0.19, llm=hold)",-0.650,41.37,0.600
2026-01-25,ADA-USDT,0.3391,sell,"SELL: score=1.5 (sent=-0.65, rsi=36, bb=0.02, llm=hold)",-0.650,36.32,0.600
2026-01-25,BNB-USDT,866.02,sell,"SELL: score=0.4 (sent=-0.65, rsi=39, bb=0.05, llm=hold)",-0.650,39.36,0.600
2026-01-25,BTC-USDT,86670.36,sell,"SELL: score=1.0 (sent=-0.65, rsi=36, bb=0.04, llm=hold)",-0.650,35.79,0.600
2026-01-25,DOGE-USDT,0.11945,sell,"SELL: score=0.1 (sent=-0.65, rsi=35, bb=0.07, llm=hold)",-0.650,34.68,0.600
2026-01-25,DOT-USDT,1.823,sell,"SELL: score=1.6 (sent=-0.65, rsi=37, bb=0.01, llm=hold)",-0.650,37.45,0.600
2026-01-25,ETH-USDT,2816.89,sell,"SELL: score=0.0 (sent=-0.75, rsi=33, bb=0.01, llm=hold)",-0.750,33.11,0.600
2026-01-25,LTC-USDT,67.3,sell,"SELL: score=-2.4 (sent=-0.65, rsi=31, bb=0.18, llm=hold)",-0.650,31.30,0.600
2026-01-25,SOL-USDT,118.85,sell,"SELL: score=3.7 (sent=-0.65, rsi=33, bb=-0.06, llm=hold)",-0.650,33.31,0.400
2026-01-25,XRP-USDT,1.8356,sell,"SELL: score=0.6 (sent=-0.65, rsi=36, bb=0.05, llm=hold)",-0.650,36.12,0.600
2026-01-26,ADA-USDT,0.3521,sell,"SELL: score=0.5 (sent=-0.45, rsi=42, bb=0.19, llm=hold)",-0.450,41.62,0.550
2026-01-26,BNB-USDT,879.41,sell,"SELL: score=-0.5 (sent=-0.45, rsi=44, bb=0.22, llm=hold)",-0.450,44.36,0.600
2026-01-26,BTC-USDT,88347.08,sell,"SELL: score=-0.4 (sent=-0.45, rsi=42, bb=0.22, llm=hold)",-0.450,42.28,0.550
2026-01-26,DOGE-USDT,0.12236,sell,"SELL: score=-1.9 (sent=-0.60, rsi=39, bb=0.18, llm=hold)",-0.600,38.79,0.600
2026-01-26,DOT-USDT,1.875,sell,"SELL: score=-2.3 (sent=-0.65, rsi=41, bb=0.15, llm=hold)",-0.650,41.33,0.600
2026-01-26,ETH-USDT,2930.35,sell,"SELL: score=-3.0 (sent=-0.60, rsi=42, bb=0.22, llm=hold)",-0.600,41.65,0.500
2026-01-26,LTC-USDT,69.72,sell,"SELL: score=-1.6 (sent=-0.40, rsi=39, bb=0.30, llm=hold)",-0.400,39.15,0.600
2026-01-26,SOL-USDT,124.24,sell,"SELL: score=1.2 (sent=-0.45, rsi=41, bb=0.16, llm=hold)",-0.450,41.03,0.550
2026-01-26,XRP-USDT,1.9041,sell,"SELL: score=-0.2 (sent=-0.45, rsi=43, bb=0.21, llm=hold)",-0.450,42.91,0.600
2026-01-27,ADA-USDT,0.3608,sell,"SELL: score=-0.9 (sent=-0.35, rsi=45, bb=0.30, llm=hold)",-0.350,44.92,0.550
2026-01-27,BNB-USDT,898.36,sell,"SELL: score=-1.3 (sent=-0.20, rsi=51, bb=0.41, llm=hold)",-0.200,50.58,0.500
2026-01-27,BTC-USDT,89250.0,sell,"SELL: score=-2.0 (sent=-0.40, rsi=45, bb=0.31, llm=hold)",-0.400,45.48,0.650
2026-01-27,DOGE-USDT,0.12619,sell,"SELL: score=-1.8 (sent=-0.40, rsi=44, bb=0.31, llm=hold)",-0.400,43.81,0.500
2026-01-27,DOT-USDT,1.876,sell,"SELL: score=-2.3 (sent=-0.60, rsi=41, bb=0.19, llm=hold)",-0.600,41.41,0.600
2026-01-27,ETH-USDT,3026.77,sell,"SELL: score=-2.1 (sent=-0.30, rsi=48, bb=0.38, llm=hold)",-0.300,47.75,0.600
2026-01-27,LTC-USDT,70.03,sell,"SELL: score=-2.5 (sent=-0.40, rsi=40, bb=0.34, llm=hold)",-0.400,40.09,0.500
2026-01-27,SOL-USDT,127.19,sell,"SELL: score=-1.9 (sent=-0.45, rsi=45, bb=0.27, llm=hold)",-0.450,44.80,0.550
2026-01-27,XRP-USDT,1.9158,sell,"SELL: score=-0.7 (sent=-0.40, rsi=44, bb=0.26, llm=hold)",-0.400,44.00,0.650
2026-01-28,ADA-USDT,0.3583,sell,"SELL: score=-1.6 (sent=-0.40, rsi=44, bb=0.30, llm=hold)",-0.400,44.15,0.600
2026-01-28,BNB-USDT,902.91,sell,"SELL: score=-2.3 (sent=-0.20, rsi=52, bb=0.45, llm=hold)",-0.200,51.96,0.500
2026-01-28,BTC-USDT,89299.99,sell,"SELL: score=-1.5 (sent=-0.35, rsi=46, bb=0.32, llm=hold)",-0.350,45.66,0.600
2026-01-28,DOGE-USDT,0.125,sell,"SELL: score=-1.5 (sent=-0.40, rsi=43, bb=0.29, llm=hold)",-0.400,42.64,0.500
2026-01-28,DOT-USDT,1.87,sell,"SELL: score=-2.8 (sent=-0.60, rsi=41, bb=0.21, llm=hold)",-0.600,41.07,0.600
2026-01-28,ETH-USDT,3010.78,sell,"SELL: score=-3.4 (sent=-0.40, rsi=47, bb=0.36, llm=hold)",-0.400,46.88,0.600
2026-01-28,LTC-USDT,69.42,sell,"SELL: score=-3.0 (sent=-0.45, rsi=39, bb=0.33, llm=hold)",-0.450,38.82,0.600
2026-01-28,SOL-USDT,125.35,sell,"SELL: score=-3.7 (sent=-0.60, rsi=43, bb=0.24, llm=hold)",-0.600,42.96,0.600
2026-01-28,XRP-USDT,1.9111,sell,"SELL: score=-0.9 (sent=-0.40, rsi=44, bb=0.27, llm=hold)",-0.400,43.64,0.650
2026-01-29,ADA-USDT,0.3347,sell,"SELL: score=-0.5 (sent=-0.65, rsi=38, bb=0.09, llm=hold)",-0.650,37.58,0.600
2026-01-29,BNB-USDT,868.69,sell,"SELL: score=-1.1 (sent=-0.60, rsi=42, bb=0.14, llm=hold)",-0.600,42.34,0.600
2026-01-29,BTC-USDT,84650.16,sell,"SELL: score=1.6 (sent=-0.65, rsi=34, bb=0.02, llm=hold)",-0.650,34.34,0.600
2026-01-29,DOGE-USDT,0.11728,sell,"SELL: score=-1.2 (sent=-0.65, rsi=36, bb=0.12, llm=hold)",-0.650,35.94,0.600
2026-01-29,DOT-USDT,1.736,sell,"SELL: score=1.2 (sent=-0.65, rsi=34, bb=0.03, llm=hold)",-0.650,34.29,0.600
2026-01-29,ETH-USDT,2822.59,sell,"SELL: score=-1.3 (sent=-0.65, rsi=38, bb=0.12, llm=hold)",-0.650,38.04,0.400
2026-01-29,LTC-USDT,66.24,sell,"SELL: score=-2.6 (sent=-0.65, rsi=33, bb=0.18, llm=hold)",-0.650,32.93,0.600
2026-01-29,SOL-USDT,117.82,sell,"SELL: score=-0.1 (sent=-0.65, rsi=36, bb=0.08, llm=hold)",-0.650,36.36,0.600
2026-01-29,XRP-USDT,1.8076,sell,"SELL: score=0.2 (sent=-0.65, rsi=37, bb=0.07, llm=hold)",-0.650,36.52,0.600
2026-01-30,ADA-USDT,0.3208,sell,"SELL: score=1.2 (sent=-0.65, rsi=34, bb=0.03, llm=hold)",-0.650,34.34,0.600
2026-01-30,BNB-USDT,858.81,sell,"SELL: score=0.0 (sent=-0.60, rsi=40, bb=0.10, llm=hold)",-0.600,40.03,0.600
2026-01-30,BTC-USDT,84260.49,sell,"SELL: score=0.6 (sent=-0.65, rsi=34, bb=0.06, llm=hold)",-0.650,33.58,0.600
2026-01-30,DOGE-USDT,0.11581,sell,"SELL: score=-1.3 (sent=-0.65, rsi=35, bb=0.13, llm=hold)",-0.650,34.82,0.600
2026-01-30,DOT-USDT,1.69,sell,"SELL: score=-0.6 (sent=-0.75, rsi=32, bb=0.04, llm=hold)",-0.750,32.31,0.650
2026-01-30,ETH-USDT,2707.38,sell,"SELL: score=1.1 (sent=-0.65, rsi=34, bb=0.04, llm=hold)",-0.650,33.83,0.600
2026-01-30,LTC-USDT,65.47,sell,"SELL: score=-1.9 (sent=-0.65, rsi=32, bb=0.15, llm=hold)",-0.650,31.68,0.600
2026-01-30,SOL-USDT,117.59,sell,"SELL: score=-1.2 (sent=-0.65, rsi=36, bb=0.12, llm=hold)",-0.650,36.18,0.600
2026-01-30,XRP-USDT,1.7352,sell,"SELL: score=2.5 (sent=-0.65, rsi=33, bb=-0.01, llm=hold)",-0.650,32.52,0.600
2026-01-31,ADA-USDT,0.2936,sell,"SELL: score=2.6 (sent=-0.75, rsi=29, bb=-0.08, llm=hold)",-0.750,29.05,0.600
2026-01-31,BNB-USDT,781.38,buy,"BUY: score=6.7 (sent=-0.75, rsi=27, bb=-0.24, llm=hold)",-0.750,27.43,0.600
2026-01-31,BTC-USDT,78741.09,sell,"SELL: score=4.0 (sent=-0.75, rsi=25, bb=-0.13, llm=hold)",-0.750,25.18,0.600
2026-01-31,DOGE-USDT,0.10426,sell,"SELL: score=1.9 (sent=-0.75, rsi=28, bb=-0.05, llm=hold)",-0.750,27.54,0.600
2026-01-31,DOT-USDT,1.547,sell,"SELL: score=2.1 (sent=-0.75, rsi=27, bb=-0.06, llm=hold)",-0.750,27.09,0.400
2026-01-31,ETH-USDT,2451.95,sell,"SELL: score=3.5 (sent=-0.75, rsi=27, bb=-0.11, llm=hold)",-0.750,26.76,0.600
2026-01-31,LTC-USDT,59.53,sell,"SELL: score=3.2 (sent=-0.75, rsi=24, bb=-0.09, llm=hold)",-0.750,24.07,0.400
2026-01-31,SOL-USDT,105.58,sell,"SELL: score=2.0 (sent=-0.75, rsi=28, bb=-0.06, llm=hold)",-0.750,28.21,0.600
2026-01-31,XRP-USDT,1.6472,sell,"SELL: score=2.4 (sent=-0.75, rsi=28, bb=-0.07, llm=hold)",-0.750,28.45,0.600
2026-02-01,ADA-USDT,0.2858,sell,"SELL: score=1.3 (sent=-0.75, rsi=28, bb=-0.03, llm=hold)",-0.750,27.74,0.400
2026-02-01,BNB-USDT,758.54,buy,"BUY: score=4.8 (sent=-0.75, rsi=25, bb=-0.16, llm=hold)",-0.750,24.94,0.600
2026-02-01,BTC-USDT,76968.21,sell,"SELL: score=2.8 (sent=-0.75, rsi=23, bb=-0.08, llm=hold)",-0.750,23.17,0.600
2026-02-01,DOGE-USDT,0.10426,sell,"SELL: score=1.6 (sent=-0.65, rsi=28, bb=0.03, llm=hold)",-0.650,27.54,0.600
2026-02-01,DOT-USDT,1.495,sell,"SELL: score=3.0 (sent=-0.65, rsi=25, bb=-0.02, llm=hold)",-0.650,25.48,0.400
2026-02-01,ETH-USDT,2270.15,sell,"SELL: score=3.8 (sent=-0.75, rsi=23, bb=-0.12, llm=hold)",-0.750,23.07,0.600
2026-02-01,LTC-USDT,58.49,sell,"SELL: score=1.9 (sent=-0.75, rsi=23, bb=-0.04, llm=hold)",-0.750,23.03,0.600
2026-02-01,SOL-USDT,100.79,sell,"SELL: score=1.8 (sent=-0.75, rsi=26, bb=-0.04, llm=hold)",-0.750,25.77,0.600
2026-02-01,XRP-USDT,1.5908,sell,"SELL: score=2.0 (sent=-0.75, rsi=26, bb=-0.05, llm=hold)",-0.750,26.18,0.400
2026-02-02,ADA-USDT,0.2991,sell,"SELL: score=-0.6 (sent=-0.65, rsi=33, bb=0.10, llm=hold)",-0.650,33.29,0.600
2026-02-02,BNB-USDT,773.94,sell,"SELL: score=0.3 (sent=-0.75, rsi=30, bb=0.01, llm=hold)",-0.750,29.58,0.600
2026-02-02,BTC-USDT,78738.61,sell,"SELL: score=-1.3 (sent=-0.75, rsi=29, bb=0.07, llm=hold)",-0.750,29.24,0.600
2026-02-02,DOGE-USDT,0.10792,sell,"SELL: score=-1.4 (sent=-0.65, rsi=33, bb=0.14, llm=hold)",-0.650,32.71,0.600
2026-02-02,DOT-USDT,1.543,sell,"SELL: score=-1.6 (sent=-0.75, rsi=30, bb=0.08, llm=hold)",-0.750,29.64,0.600
2026-02-02,ETH-USDT,2347.02,sell,"SELL: score=-0.1 (sent=-0.75, rsi=28, bb=0.03, llm=hold)",-0.750,27.62,0.600
2026-02-02,LTC-USDT,60.02,sell,"SELL: score=-1.4 (sent=-0.75, rsi=28, bb=0.07, llm=hold)",-0.750,27.97,0.400
2026-02-02,SOL-USDT,104.55,sell,"SELL: score=0.0 (sent=-0.65, rsi=31, bb=0.08, llm=hold)",-0.650,30.83,0.600
2026-02-02,XRP-USDT,1.6198,sell,"SELL: score=1.0 (sent=-0.65, rsi=29, bb=0.05, llm=hold)",-0.650,29.30,0.600
2026-02-03,ADA-USDT,0.2917,sell,"SELL: score=-1.9 (sent=-0.75, rsi=32, bb=0.09, llm=hold)",-0.750,31.83,0.600
2026-02-03,BNB-USDT,754.78,sell,"SELL: score=0.4 (sent=-0.75, rsi=27, bb=0.01, llm=hold)",-0.750,27.32,0.600
2026-02-03,BTC-USDT,75770.21,sell,"SELL: score=0.3 (sent=-0.75, rsi=26, bb=0.01, llm=hold)",-0.750,25.59,0.600
2026-02-03,DOGE-USDT,0.10602,sell,"SELL: score=-0.9 (sent=-0.65, rsi=31, bb=0.12, llm=hold)",-0.650,31.45,0.600
2026-02-03,DOT-USDT,1.5,sell,"SELL: score=-0.6 (sent=-0.70, rsi=28, bb=0.08, llm=hold)",-0.700,28.13,0.600
2026-02-03,ETH-USDT,2233.72,sell,"SELL: score=0.3 (sent=-0.75, rsi=25, bb=0.01, llm=hold)",-0.750,25.25,0.600
2026-02-03,LTC-USDT,59.48,sell,"SELL: score=-1.7 (sent=-0.75, rsi=27, bb=0.09, llm=hold)",-0.750,27.30,0.600
2026-02-03,SOL-USDT,97.89,sell,"SELL: score=-0.0 (sent=-0.75, rsi=27, bb=0.02, llm=hold)",-0.750,27.28,0.400
2026-02-03,XRP-USDT,1.5791,sell,"SELL: score=-0.5 (sent=-0.75, rsi=28, bb=0.04, llm=hold)",-0.750,27.54,0.600
2026-02-04,ADA-USDT,0.2864,sell,"SELL: score=-2.2 (sent=-0.75, rsi=31, bb=0.10, llm=hold)",-0.750,30.78,0.600
2026-02-04,BNB-USDT,697.27,sell,"SELL: score=3.1 (sent=-0.75, rsi=22, bb=-0.09, llm=hold)",-0.750,21.89,0.600
2026-02-04,BTC-USDT,73165.83,sell,"SELL: score=1.0 (sent=-0.75, rsi=23, bb=-0.01, llm=hold)",-0.750,22.89,0.600
2026-02-04,DOGE-USDT,0.10383,sell,"SELL: score=-0.5 (sent=-0.65, rsi=30, bb=0.11, llm=hold)",-0.650,30.02,0.600
2026-02-04,DOT-USDT,1.461,sell,"SELL: score=-1.6 (sent=-0.75, rsi=27, bb=0.09, llm=hold)",-0.750,26.79,0.400
2026-02-04,ETH-USDT,2148.26,sell,"SELL: score=0.1 (sent=-0.75, rsi=24, bb=0.03, llm=hold)",-0.750,23.60,0.600
2026-02-04,LTC-USDT,58.89,sell,"SELL: score=-2.3 (sent=-0.75, rsi=27, bb=0.11, llm=hold)",-0.750,26.56,0.600
2026-02-04,SOL-USDT,92.12,sell,"SELL: score=0.7 (sent=-0.75, rsi=25, bb=0.00, llm=hold)",-0.750,24.64,0.400
2026-02-04,XRP-USDT,1.512,sell,"SELL: score=0.4 (sent=-0.75, rsi=25, bb=0.01, llm=hold)",-0.750,24.89,0.600
2026-02-05,ADA-USDT,0.2455,sell,"SELL: score=2.6 (sent=-0.75, rsi=24, bb=-0.07, llm=hold)",-0.750,24.18,0.600
2026-02-05,BNB-USDT,608.3,buy,"BUY: score=5.7 (sent=-0.75, rsi=16, bb=-0.18, llm=hold)",-0.750,16.45,0.600
2026-02-05,BTC-USDT,62909.86,sell,EXTREME RISK,-0.850,15.82,0.300
2026-02-05,DOGE-USDT,0.08849,sell,"SELL: score=3.8 (sent=-0.75, rsi=22, bb=-0.11, llm=hold)",-0.750,22.36,0.400
2026-02-05,DOT-USDT,1.248,sell,"SELL: score=2.2 (sent=-0.75, rsi=21, bb=-0.05, llm=hold)",-0.750,20.94,0.600
2026-02-05,ETH-USDT,1826.83,sell,"SELL: score=2.8 (sent=-0.75, rsi=19, bb=-0.07, llm=hold)",-0.750,18.68,0.600
2026-02-05,LTC-USDT,50.79,sell,"SELL: score=4.3 (sent=-0.75, rsi=19, bb=-0.13, llm=hold)",-0.750,18.93,0.600
2026-02-05,SOL-USDT,78.35,sell,"SELL: score=3.5 (sent=-0.75, rsi=20, bb=-0.10, llm=hold)",-0.750,19.73,0.400
2026-02-05,XRP-USDT,1.2146,buy,"BUY: score=6.1 (sent=-0.75, rsi=17, bb=-0.20, llm=hold)",-0.750,17.05,0.400
2026-02-06,ADA-USDT,0.2762,sell,"SELL: score=-2.0 (sent=-0.65, rsi=35, bb=0.16, llm=hold)",-0.650,35.38,0.300
2026-02-06,BNB-USDT,657.21,sell,"SELL: score=1.4 (sent=-0.65, rsi=27, bb=0.04, llm=hold)",-0.650,27.17,0.400
2026-02-06,BTC-USDT,70580.26,sell,"SELL: score=-0.6 (sent=-0.65, rsi=33, bb=0.11, llm=hold)",-0.650,32.59,0.300
2026-02-06,DOGE-USDT,0.09848,sell,"SELL: score=-0.4 (sent=-0.60, rsi=34, bb=0.13, llm=hold)",-0.600,34.15,0.400
2026-02-06,DOT-USDT,1.368,sell,"SELL: score=-0.7 (sent=-0.65, rsi=30, bb=0.11, llm=hold)",-0.650,30.19,0.400
2026-02-06,ETH-USDT,2063.38,sell,"SELL: score=-0.8 (sent=-0.65, rsi=30, bb=0.12, llm=hold)",-0.650,30.22,0.400
2026-02-06,LTC-USDT,55.02,sell,"SELL: score=-0.2 (sent=-0.65, rsi=30, bb=0.09, llm=hold)",-0.650,30.21,0.400
2026-02-06,SOL-USDT,87.46,sell,"SELL: score=0.1 (sent=-0.65, rsi=30, bb=0.08, llm=hold)",-0.650,29.71,0.400
2026-02-06,XRP-USDT,1.4698,sell,"SELL: score=-1.9 (sent=-0.65, rsi=36, bb=0.15, llm=hold)",-0.650,35.75,0.350
2026-02-07,ADA-USDT,0.2721,sell,"SELL: score=-2.3 (sent=-0.65, rsi=35, bb=0.17, llm=hold)",-0.650,34.65,0.350
2026-02-07,BNB-USDT,647.0,sell,"SELL: score=-0.3 (sent=-0.70, rsi=26, bb=0.07, llm=hold)",-0.700,26.41,0.400
2026-02-07,BTC-USDT,69289.38,sell,"SELL: score=-2.6 (sent=-0.75, rsi=31, bb=0.12, llm=hold)",-0.750,31.46,0.400
2026-02-07,DOGE-USDT,0.09823,sell,"SELL: score=-2.1 (sent=-0.65, rsi=34, bb=0.16, llm=hold)",-0.650,34.01,0.400
2026-02-07,DOT-USDT,1.372,sell,"SELL: score=-1.8 (sent=-0.65, rsi=30, bb=0.15, llm=hold)",-0.650,30.48,0.400
2026-02-07,ETH-USDT,2087.08,sell,"SELL: score=-2.1 (sent=-0.65, rsi=31, bb=0.17, llm=hold)",-0.650,31.28,0.400
2026-02-07,LTC-USDT,55.19,sell,"SELL: score=-1.5 (sent=-0.65, rsi=31, bb=0.14, llm=hold)",-0.650,30.62,0.350
2026-02-07,SOL-USDT,87.59,sell,"SELL: score=-2.9 (sent=-0.75, rsi=30, bb=0.13, llm=hold)",-0.750,29.85,0.400
2026-02-07,XRP-USDT,1.4231,sell,"SELL: score=-3.3 (sent=-0.75, rsi=34, bb=0.14, llm=hold)",-0.750,34.23,0.400
2026-02-08,ADA-USDT,0.2701,sell,"SELL: score=-3.7 (sent=-0.70, rsi=34, bb=0.19, llm=hold)",-0.700,34.27,0.300
2026-02-08,BNB-USDT,639.93,sell,"SELL: score=-2.1 (sent=-0.75, rsi=26, bb=0.11, llm=hold)",-0.750,25.87,0.400
2026-02-08,BTC-USDT,70330.38,sell,"SELL: score=-2.6 (sent=-0.65, rsi=33, bb=0.18, llm=hold)",-0.650,33.47,0.400
2026-02-08,DOGE-USDT,0.09663,sell,"SELL: score=-3.9 (sent=-0.75, rsi=33, bb=0.16, llm=hold)",-0.750,33.08,0.300
2026-02-08,DOT-USDT,1.337,sell,"SELL: score=-3.5 (sent=-0.75, rsi=29, bb=0.15, llm=hold)",-0.750,29.33,0.300
2026-02-08,ETH-USDT,2089.74,sell,"SELL: score=-3.0 (sent=-0.65, rsi=31, bb=0.20, llm=hold)",-0.650,31.40,0.400
2026-02-08,LTC-USDT,54.53,sell,"SELL: score=-3.5 (sent=-0.75, rsi=30, bb=0.15, llm=hold)",-0.750,29.88,0.400
2026-02-08,SOL-USDT,86.99,sell,"SELL: score=-3.6 (sent=-0.75, rsi=30, bb=0.16, llm=hold)",-0.750,29.56,0.300
2026-02-08,XRP-USDT,1.4308,sell,"SELL: score=-2.7 (sent=-0.65, rsi=35, bb=0.18, llm=hold)",-0.650,34.72,0.400
2026-02-09,ADA-USDT,0.2699,sell,"SELL: score=-3.6 (sent=-0.65, rsi=34, bb=0.22, llm=hold)",-0.650,34.23,0.300
2026-02-09,BNB-USDT,636.39,sell,"SELL: score=-3.0 (sent=-0.75, rsi=26, bb=0.14, llm=hold)",-0.750,25.58,0.400
2026-02-09,BTC-USDT,70138.0,sell,"SELL: score=-3.3 (sent=-0.65, rsi=33, bb=0.21, llm=hold)",-0.650,33.28,0.400
2026-02-09,DOGE-USDT,0.09611,sell,"SELL: score=-2.8 (sent=-0.65, rsi=33, bb=0.19, llm=hold)",-0.650,32.77,0.300
2026-02-09,DOT-USDT,1.32,sell,"SELL: score=-4.0 (sent=-0.75, rsi=29, bb=0.17, llm=hold)",-0.750,28.76,0.400
2026-02-09,ETH-USDT,2105.02,sell,"SELL: score=-4.0 (sent=-0.65, rsi=32, bb=0.24, llm=hold)",-0.650,32.16,0.400
2026-02-09,LTC-USDT,54.45,sell,"SELL: score=-4.4 (sent=-0.75, rsi=30, bb=0.19, llm=hold)",-0.750,29.78,0.300
2026-02-09,SOL-USDT,86.77,sell,"SELL: score=-4.5 (sent=-0.75, rsi=29, bb=0.19, llm=hold)",-0.750,29.46,0.400
2026-02-09,XRP-USDT,1.437,sell,"SELL: score=-3.7 (sent=-0.65, rsi=35, bb=0.22, llm=hold)",-0.650,35.14,0.400
2026-02-10,ADA-USDT,0.262,sell,"SELL: score=-2.1 (sent=-0.60, rsi=33, bb=0.20, llm=hold)",-0.600,32.62,0.400
2026-02-10,BNB-USDT,619.85,sell,"SELL: score=-3.1 (sent=-0.75, rsi=24, bb=0.15, llm=hold)",-0.750,24.25,0.400
2026-02-10,BTC-USDT,68841.29,sell,"SELL: score=-3.1 (sent=-0.65, rsi=32, bb=0.20, llm=hold)",-0.650,31.93,0.600
2026-02-10,DOGE-USDT,0.09277,sell,"SELL: score=-1.9 (sent=-0.65, rsi=31, bb=0.16, llm=hold)",-0.650,30.75,0.400
2026-02-10,DOT-USDT,1.283,sell,"SELL: score=-2.1 (sent=-0.65, rsi=28, bb=0.17, llm=hold)",-0.650,27.50,0.400
2026-02-10,ETH-USDT,2022.67,sell,"SELL: score=-3.4 (sent=-0.65, rsi=30, bb=0.22, llm=hold)",-0.650,30.21,0.400
2026-02-10,LTC-USDT,53.38,sell,"SELL: score=-1.5 (sent=-0.60, rsi=28, bb=0.18, llm=hold)",-0.600,28.48,0.400
2026-02-10,SOL-USDT,82.99,sell,"SELL: score=-2.1 (sent=-0.65, rsi=28, bb=0.17, llm=hold)",-0.650,27.57,0.400
2026-02-10,XRP-USDT,1.3999,sell,"SELL: score=-3.3 (sent=-0.65, rsi=34, bb=0.21, llm=hold)",-0.650,33.74,0.300
2026-02-11,ADA-USDT,0.2559,sell,"SELL: score=-1.9 (sent=-0.60, rsi=31, bb=0.19, llm=hold)",-0.600,31.39,0.400
2026-02-11,BNB-USDT,608.11,sell,"SELL: score=2.0 (sent=-0.45, rsi=23, bb=0.16, llm=hold)",-0.450,23.32,0.400
2026-02-11,BTC-USDT,67082.52,sell,"SELL: score=-2.6 (sent=-0.65, rsi=30, bb=0.19, llm=hold)",-0.650,30.15,0.400
2026-02-11,DOGE-USDT,0.09112,sell,"SELL: score=1.6 (sent=-0.45, rsi=30, bb=0.16, llm=hold)",-0.450,29.78,0.400
2026-02-11,DOT-USDT,1.256,sell,"SELL: score=-2.2 (sent=-0.65, rsi=27, bb=0.18, llm=hold)",-0.650,26.59,0.400
2026-02-11,ETH-USDT,1941.18,sell,"SELL: score=-2.8 (sent=-0.65, rsi=28, bb=0.20, llm=hold)",-0.650,28.38,0.400
2026-02-11,LTC-USDT,52.32,sell,"SELL: score=-1.3 (sent=-0.60, rsi=27, bb=0.18, llm=hold)",-0.600,27.21,0.400
2026-02-11,SOL-USDT,79.3,sell,"SELL: score=-1.7 (sent=-0.65, rsi=26, bb=0.16, llm=hold)",-0.650,25.83,0.300
2026-02-11,XRP-USDT,1.3697,sell,"SELL: score=0.4 (sent=-0.45, rsi=33, bb=0.21, llm=hold)",-0.450,32.60,0.350
2026-02-12,ADA-USDT,0.2643,sell,"SELL: score=-0.4 (sent=-0.40, rsi=35, bb=0.27, llm=hold)",-0.400,35.02,0.700
2026-02-12,BNB-USDT,614.29,sell,"SELL: score=-2.0 (sent=-0.60, rsi=25, bb=0.21, llm=hold)",-0.600,24.95,0.400
2026-02-12,BTC-USDT,66272.17,sell,"SELL: score=-2.8 (sent=-0.65, rsi=29, bb=0.20, llm=hold)",-0.650,29.33,0.550
2026-02-12,DOGE-USDT,0.093,sell,"SELL: score=-0.2 (sent=-0.45, rsi=32, bb=0.23, llm=hold)",-0.450,32.41,0.600
2026-02-12,DOT-USDT,1.283,sell,"SELL: score=0.8 (sent=-0.40, rsi=29, bb=0.23, llm=hold)",-0.400,29.12,0.500
2026-02-12,ETH-USDT,1947.85,sell,"SELL: score=-3.7 (sent=-0.65, rsi=29, bb=0.23, llm=hold)",-0.650,28.76,0.400
2026-02-12,LTC-USDT,53.15,sell,"SELL: score=0.6 (sent=-0.40, rsi=30, bb=0.24, llm=hold)",-0.400,29.85,0.400
2026-02-12,SOL-USDT,78.4,sell,"SELL: score=-2.2 (sent=-0.65, rsi=25, bb=0.18, llm=hold)",-0.650,25.41,0.400
2026-02-12,XRP-USDT,1.3635,sell,"SELL: score=-3.7 (sent=-0.65, rsi=32, bb=0.23, llm=hold)",-0.650,32.35,0.400
2026-02-13,ADA-USDT,0.2632,sell,"SELL: score=-4.4 (sent=-0.60, rsi=35, bb=0.28, llm=hold)",-0.600,34.76,0.600
2026-02-13,BNB-USDT,599.2,sell,"SELL: score=-1.8 (sent=-0.60, rsi=24, bb=0.20, llm=hold)",-0.600,23.63,0.600
2026-02-13,BTC-USDT,67125.72,sell,"SELL: score=-0.6 (sent=-0.45, rsi=31, bb=0.24, llm=hold)",-0.450,31.43,0.600
2026-02-13,DOGE-USDT,0.09354,sell,"SELL: score=-0.2 (sent=-0.40, rsi=33, bb=0.26, llm=hold)",-0.400,33.18,0.650
2026-02-13,DOT-USDT,1.276,sell,"SELL: score=-3.2 (sent=-0.60, rsi=29, bb=0.24, llm=hold)",-0.600,28.84,0.600
2026-02-13,ETH-USDT,1962.32,sell,"SELL: score=-4.6 (sent=-0.65, rsi=30, bb=0.26, llm=hold)",-0.650,29.63,0.600
2026-02-13,LTC-USDT,53.43,sell,"SELL: score=-0.3 (sent=-0.40, rsi=31, bb=0.27, llm=hold)",-0.400,30.76,0.650
2026-02-13,SOL-USDT,80.09,sell,"SELL: score=-0.0 (sent=-0.45, rsi=28, bb=0.23, llm=hold)",-0.450,27.79,0.600
2026-02-13,XRP-USDT,1.3629,sell,"SELL: score=-3.4 (sent=-0.60, rsi=32, bb=0.25, llm=hold)",-0.600,32.33,0.600
